{
  "version": 1,
  "author": "Anonymous maker",
  "editor": "wokwi",
  "parts": [
    { "type": "wokwi-arduino-uno", "id": "uno", "top": 87, "left": -0.6, "attrs": {} },
    {
      "type": "wokwi-max7219-matrix",
      "id": "matrix1",
      "top": -57,
      "left": -50.16,
      "attrs": { "chain": "4" }
    }
  ],
  "connections": [
    [ "uno:GND.2", "matrix1:GND", "black", [ "v19.1", "h157.5", "v-316.8" ] ],
    [ "uno:5V", "matrix1:V+", "red", [ "v28.7", "h186.2", "v-336" ] ],
    [ "uno:10", "matrix1:CS", "green", [ "v-38.4", "h144.7", "v-57.6" ] ],
    [ "uno:11", "matrix1:DIN", "green", [ "v-67.2", "h163.8", "v-38.4" ] ],
    [ "uno:13", "matrix1:CLK", "green", [ "v-28.8", "h192.4", "v-57.6" ] ]
  ],
  "dependencies": {}
}